{
  "project_info": {
    "project_number": "608361360266",
    "firebase_url": "https://plantsgo-96a10.firebaseio.com",
    "project_id": "plantsgo-96a10",
    "storage_bucket": "plantsgo-96a10.appspot.com"
  },
  "client": [
    {
      "client_info": {
        "mobilesdk_app_id": "1:608361360266:android:eadb3057f2c25bf4",
        "android_client_info": {
          "package_name": "org.nativescript.PlantsGo"
        }
      },
      "oauth_client": [
        {
          "client_id": "608361360266-ukckddv2mkgs6kd5kh9gneo064qpms7j.apps.googleusercontent.com",
          "client_type": 3
        }
      ],
      "api_key": [
        {
          "current_key": "AIzaSyBDeq1wmH5jbZ9PMhvBrYA6ZpTY2jqW460"
        }
      ],
      "services": {
        "analytics_service": {
          "status": 1
        },
        "appinvite_service": {
          "status": 1,
          "other_platform_oauth_client": []
        },
        "ads_service": {
          "status": 2
        }
      }
    }
  ],
  "configuration_version": "1"
}